'caseNO', 'isRun', 'version', 'sessionID', 'caseName', 'caseType', 'param', 'expectedResult',
                      'realResults', 'isPass'
fix001,Y,FIX50SP2,1,市价单买入-不成交,报单-1,USDT-USDC|3|Price=1.11|Side=1,,"{
  ""BodyLength"": ""257"",
  ""MsgType"": ""8"",
  ""MsgSeqNum"": ""2"",
  ""SenderCompID"": ""TradingGateway"",
  ""SendingTime"": ""20230607-08:43:45.483"",
  ""TargetCompID"": ""123"",
  ""Account"": ""A0000010012"",
  ""ClOrdID"": ""69dad21c9b91"",
  ""CumQty"": ""0.000000"",
  ""ExecID"": ""1266529803868062950"",
  ""OrderID"": ""1586460225000001"",
  ""OrderQty"": ""3.000000"",
  ""OrdStatus"": ""0"",
  ""OrdType"": ""2"",
  ""Price"": ""1.1100"",
  ""Side"": ""1"",
  ""Symbol"": ""USDT-USDC"",
  ""Text"": ""new order"",
  ""TimeInForce"": ""1"",
  ""TransactTime"": ""20230607-08:43:45.365"",
  ""ExecType"": ""0"",
  ""LeavesQty"": ""3.000000"",
  ""CheckSum"": ""177""
}",Y
fix002,Y,FIX50SP2,1,市价单卖出-不成交,报单-1,USDT-USDC|200|Price=1.41|Side=2,,"{
  ""BodyLength"": ""261"",
  ""MsgType"": ""8"",
  ""MsgSeqNum"": ""3"",
  ""SenderCompID"": ""TradingGateway"",
  ""SendingTime"": ""20230607-08:43:47.567"",
  ""TargetCompID"": ""123"",
  ""Account"": ""A0000010012"",
  ""ClOrdID"": ""6b0c68309b91"",
  ""CumQty"": ""0.000000"",
  ""ExecID"": ""1266529820527838438"",
  ""OrderID"": ""1586460225000002"",
  ""OrderQty"": ""200.000000"",
  ""OrdStatus"": ""0"",
  ""OrdType"": ""2"",
  ""Price"": ""1.4100"",
  ""Side"": ""2"",
  ""Symbol"": ""USDT-USDC"",
  ""Text"": ""new order"",
  ""TimeInForce"": ""1"",
  ""TransactTime"": ""20230607-08:43:47.490"",
  ""ExecType"": ""0"",
  ""LeavesQty"": ""200.000000"",
  ""CheckSum"": ""023""
}",Y
